region,annee,production_tonnes,surface_irriguee_ha,ressource_hydrique_m3
Tanger-Tétouan-Al Hoceïma,2015,185000.0,42000.0,610000000.0
Tanger-Tétouan-Al Hoceïma,2016,187775.0,42420.0,605120000.0
Tanger-Tétouan-Al Hoceïma,2017,190591.62,42844.2,600279040.0
Tanger-Tétouan-Al Hoceïma,2018,193450.5,43272.64,595476807.68
Tanger-Tétouan-Al Hoceïma,2019,196352.26,43705.37,590712993.22
Tanger-Tétouan-Al Hoceïma,2020,199297.54,44142.42,585987289.27
Tanger-Tétouan-Al Hoceïma,2021,202287.0,44583.85,581299390.96
Tanger-Tétouan-Al Hoceïma,2022,205321.31,45029.68,576648995.83
Tanger-Tétouan-Al Hoceïma,2023,208401.13,45479.98,572035803.86
L'Oriental,2015,210000.0,55000.0,520000000.0
L'Oriental,2016,213150.0,55550.0,515840000.0
L'Oriental,2017,216347.25,56105.5,511713280.0
L'Oriental,2018,219592.46,56666.56,507619573.76
L'Oriental,2019,222886.35,57233.22,503558617.17
L'Oriental,2020,226229.64,57805.55,499530148.23
L'Oriental,2021,229623.09,58383.61,495533907.05
L'Oriental,2022,233067.43,58967.44,491569635.79
L'Oriental,2023,236563.44,59557.12,487637078.7
Fès-Meknès,2015,620000.0,130000.0,900000000.0
Fès-Meknès,2016,629300.0,131300.0,892800000.0
Fès-Meknès,2017,638739.5,132613.0,885657600.0
Fès-Meknès,2018,648320.59,133939.13,878572339.2
Fès-Meknès,2019,658045.4,135278.52,871543760.49
Fès-Meknès,2020,667916.08,136631.31,864571410.4
Fès-Meknès,2021,677934.82,137997.62,857654839.12
Fès-Meknès,2022,688103.85,139377.6,850793600.41
Fès-Meknès,2023,698425.4,140771.37,843987251.6
Rabat-Salé-Kénitra,2015,410000.0,98000.0,780000000.0
Rabat-Salé-Kénitra,2016,416150.0,98980.0,773760000.0
Rabat-Salé-Kénitra,2017,422392.25,99969.8,767569920.0
Rabat-Salé-Kénitra,2018,428728.13,100969.5,761429360.64
Rabat-Salé-Kénitra,2019,435159.06,101979.19,755337925.75
Rabat-Salé-Kénitra,2020,441686.44,102998.98,749295222.35
Rabat-Salé-Kénitra,2021,448311.74,104028.97,743300860.57
Rabat-Salé-Kénitra,2022,455036.41,105069.26,737354453.69
Rabat-Salé-Kénitra,2023,461861.96,106119.96,731455618.06
Béni Mellal-Khénifra,2015,540000.0,150000.0,1050000000.0
Béni Mellal-Khénifra,2016,548100.0,151500.0,1041600000.0
Béni Mellal-Khénifra,2017,556321.5,153015.0,1033267200.0
Béni Mellal-Khénifra,2018,564666.32,154545.15,1025001062.4
Béni Mellal-Khénifra,2019,573136.32,156090.6,1016801053.9
Béni Mellal-Khénifra,2020,581733.36,157651.51,1008666645.47
Béni Mellal-Khénifra,2021,590459.36,159228.02,1000597312.31
Béni Mellal-Khénifra,2022,599316.25,160820.3,992592533.81
Béni Mellal-Khénifra,2023,608306.0,162428.51,984651793.54
Casablanca-Settat,2015,830000.0,210000.0,1200000000.0
Casablanca-Settat,2016,842450.0,212100.0,1190400000.0
Casablanca-Settat,2017,855086.75,214221.0,1180876800.0
Casablanca-Settat,2018,867913.05,216363.21,1171429785.6
Casablanca-Settat,2019,880931.75,218526.84,1162058347.32
Casablanca-Settat,2020,894145.72,220712.11,1152761880.54
Casablanca-Settat,2021,907557.91,222919.23,1143539785.49
Casablanca-Settat,2022,921171.28,225148.42,1134391467.21
Casablanca-Settat,2023,934988.85,227399.91,1125316335.47
Marrakech-Safi,2015,470000.0,165000.0,980000000.0
Marrakech-Safi,2016,477050.0,166650.0,972160000.0
Marrakech-Safi,2017,484205.75,168316.5,964382720.0
Marrakech-Safi,2018,491468.84,169999.67,956667658.24
Marrakech-Safi,2019,498840.87,171699.66,949014316.97
Marrakech-Safi,2020,506323.48,173416.66,941422202.44
Marrakech-Safi,2021,513918.33,175150.82,933890824.82
Marrakech-Safi,2022,521627.11,176902.33,926419698.22
Marrakech-Safi,2023,529451.52,178671.36,919008340.63
Darâa-Tafilalet,2015,95000.0,38000.0,310000000.0
Darâa-Tafilalet,2016,96425.0,38380.0,307520000.0
Darâa-Tafilalet,2017,97871.37,38763.8,305059840.0
Darâa-Tafilalet,2018,99339.45,39151.44,302619361.28
Darâa-Tafilalet,2019,100829.54,39542.95,300198406.39
Darâa-Tafilalet,2020,102341.98,39938.38,297796819.14
Darâa-Tafilalet,2021,103877.11,40337.77,295414444.59
Darâa-Tafilalet,2022,105435.27,40741.14,293051129.03
Darâa-Tafilalet,2023,107016.8,41148.55,290706720.0
Souss-Massa,2015,720000.0,145000.0,890000000.0
Souss-Massa,2016,730800.0,146450.0,882880000.0
Souss-Massa,2017,741762.0,147914.5,875816960.0
Souss-Massa,2018,752888.43,149393.65,868810424.32
Souss-Massa,2019,764181.76,150887.58,861859940.93
Souss-Massa,2020,775644.48,152396.46,854965061.4
Souss-Massa,2021,787279.15,153920.42,848125340.91
Souss-Massa,2022,799088.34,155459.63,841340338.18
Souss-Massa,2023,811074.66,157014.22,834609615.47
Guelmim-Oued Noun,2015,28000.0,9000.0,95000000.0
Guelmim-Oued Noun,2016,28420.0,9090.0,94240000.0
Guelmim-Oued Noun,2017,28846.3,9180.9,93486080.0
Guelmim-Oued Noun,2018,29278.99,9272.71,92738191.36
Guelmim-Oued Noun,2019,29718.18,9365.44,91996285.83
Guelmim-Oued Noun,2020,30163.95,9459.09,91260315.54
Guelmim-Oued Noun,2021,30616.41,9553.68,90530233.02
Guelmim-Oued Noun,2022,31075.66,9649.22,89805991.15
Guelmim-Oued Noun,2023,31541.79,9745.71,89087543.22
Laâyoune-Saguia El Hamra,2015,9500.0,2600.0,60000000.0
Laâyoune-Saguia El Hamra,2016,9642.5,2626.0,59520000.0
Laâyoune-Saguia El Hamra,2017,9787.14,2652.26,59043840.0
Laâyoune-Saguia El Hamra,2018,9933.94,2678.78,58571489.28
Laâyoune-Saguia El Hamra,2019,10082.95,2705.57,58102917.37
Laâyoune-Saguia El Hamra,2020,10234.2,2732.63,57638094.03
Laâyoune-Saguia El Hamra,2021,10387.71,2759.95,57176989.27
Laâyoune-Saguia El Hamra,2022,10543.53,2787.55,56719573.36
Laâyoune-Saguia El Hamra,2023,10701.68,2815.43,56265816.77
Dakhla-Oued Ed-Dahab,2015,12400.0,3100.0,45000000.0
Dakhla-Oued Ed-Dahab,2016,12586.0,3131.0,44640000.0
Dakhla-Oued Ed-Dahab,2017,12774.79,3162.31,44282880.0
Dakhla-Oued Ed-Dahab,2018,12966.41,3193.93,43928616.96
Dakhla-Oued Ed-Dahab,2019,13160.91,3225.87,43577188.02
Dakhla-Oued Ed-Dahab,2020,13358.32,3258.13,43228570.52
Dakhla-Oued Ed-Dahab,2021,13558.7,3290.71,42882741.96
Dakhla-Oued Ed-Dahab,2022,13762.08,3323.62,42539680.02
Dakhla-Oued Ed-Dahab,2023,13968.51,3356.86,42199362.58
